id,name,surname,age,party_id,municipality_id
1,Evered,Stollenhof,34,NULL,3
2,Cornell,Thresh,89,8,20
3,Georgi,Hagyard,25,12,2
4,Norbie,McCowan,65,NULL,6
5,Dal,Eglinton,38,14,16
6,Duff,Alexandrou,77,NULL,1
7,Ham,Clougher,41,NULL,2
8,Aharon,McCurtin,81,NULL,15
9,Noach,Steanyng,76,8,1
10,Mohammed,Hasker,88,11,4
11,Pedro,Bayne,55,13,7
12,Patin,Stanistrete,64,12,8
13,Emmanuel,Woffinden,72,NULL,12
14,Decca,Penhalewick,82,NULL,2
15,Arnuad,Gurr,80,11,12
16,Orlan,Hansod,62,13,19
17,Kalvin,Conen,96,13,6
18,Falito,Swain,65,2,10
19,Xever,O'Crotty,77,14,12
20,Killie,Dolling,86,2,18
21,Izak,Abela,37,7,5
22,Shannon,Athy,20,NULL,15
23,Blayne,Beevers,56,11,2
24,Wakefield,Tidridge,72,14,15
25,Christian,Matteucci,51,NULL,2
26,Braden,Crottagh,75,11,9
27,Skell,Popelay,91,4,16
28,Waldo,Behagg,92,14,12
29,Ogdan,Donnell,29,13,10
30,Shurlocke,Yellep,23,NULL,13
31,Ogdan,Kinnie,81,NULL,16
32,Wally,Duchatel,23,14,12
33,Phineas,Vose,88,11,2
34,Kent,Alekhov,60,1,18
35,Yankee,Gregorace,65,1,14
36,Shaun,Commucci,27,8,5
37,Nappie,Vasilmanov,75,NULL,19
38,Thurston,Schulter,70,NULL,20
39,Louie,Domniney,98,8,16
40,Regen,Dollard,19,NULL,16
41,Graeme,Theriot,96,11,9
42,Carroll,Strutt,99,4,20
43,Miles,Whettleton,72,7,6
44,Drew,Meachen,32,NULL,16
45,Natale,Hellings,64,NULL,15
46,Andreas,Gouck,57,NULL,5
47,Brien,Kersting,81,7,12
48,Pyotr,Richardes,97,13,3
49,Sumner,Markel,19,NULL,2
50,Ebeneser,Caulier,23,14,10
51,Adolphe,Gaskamp,37,NULL,15
52,Durward,Kline,86,13,14
53,Hewitt,Davidovici,43,5,1
54,George,Sollon,55,10,9
55,Erik,Devil,100,14,19
56,Quint,Dorrance,85,10,19
57,Dexter,Syphas,26,NULL,17
58,Guilbert,Chaudron,95,2,16
59,Raynor,Tanzig,21,7,8
60,Bartram,Josefsson,81,1,5
61,Mason,Menaul,32,9,7
62,Maxie,O'Crevy,70,10,7
63,Ebenezer,Fenwick,56,12,18
64,Hubey,Willavize,73,9,15
65,Haily,Irnis,30,3,2
66,Oliviero,Basant,61,NULL,11
67,Jarrod,Patrie,84,9,16
68,Barr,O'Flannery,63,NULL,13
69,Lucas,Lodo,24,12,3
70,Brade,Maplethorp,86,NULL,13
71,Rodd,Bolderstone,35,1,7
72,Morie,Tilt,93,11,19
73,Robers,Riolfi,76,12,2
74,Kincaid,Terrington,100,1,20
75,Flint,Selwin,73,NULL,3
76,Johnathan,Breznovic,70,15,6
77,Alic,Rhelton,45,NULL,4
78,Isaac,Valasek,54,NULL,18
79,Vale,Aldgate,24,4,6
80,Ximenez,Dehmel,40,11,5
81,Teddy,MacGorley,26,8,15
82,Clint,Stringman,22,2,9
83,Rossie,Pitone,43,4,11
84,Shurlock,Rosenwasser,62,NULL,10
85,Eamon,Bettridge,83,NULL,10
86,Abrahan,Craster,29,9,6
87,Aube,Brattan,37,5,12
88,Yancey,Belf,77,NULL,1
89,Roldan,Balm,38,NULL,17
90,Jamie,Fleckness,68,NULL,15
91,Natale,Durran,99,8,12
92,Cletus,Currey,19,NULL,14
93,Rowland,Lyness,25,NULL,3
94,Wakefield,Bottleson,82,NULL,16
95,Dirk,Lambdean,60,2,17
96,Raffaello,Ingley,27,2,7
97,Allen,Willimont,49,14,4
98,Herve,Iglesias,29,NULL,7
99,Tome,Southerell,52,13,11
100,Bartel,Litton,37,15,1
101,Lanie,MacKeeg,52,15,6
102,Engelbert,Whimpenny,75,11,4
103,Townie,Latter,22,NULL,18
104,Burt,Oki,41,NULL,13
105,Raymond,Briiginshaw,29,10,3
106,Angie,Dykas,38,10,16
107,Arnoldo,Haugeh,73,13,16
108,Bucky,Ivchenko,93,NULL,3
109,Orran,Lynch,86,NULL,10
110,Quentin,Gillio,91,10,20
111,Abey,Bockmann,48,NULL,5
112,Guss,Lavington,34,NULL,16
113,Foss,Jahnisch,87,NULL,2
114,Darill,Ivankin,37,11,14
115,Nickola,Mayhew,39,10,20
116,Gaspar,Havile,33,NULL,10
117,Mahmud,Wescott,23,11,12
118,Georges,Jaquemar,54,3,13
119,Fabian,Klaves,100,NULL,4
120,Ram,Bener,98,11,2
121,Edik,Borrill,31,12,10
122,Mathe,Faulkener,69,7,2
123,Glynn,Messum,27,7,5
124,Linoel,Massie,66,14,10
125,Farlay,Main,80,6,13
126,Nap,Moultrie,80,1,3
127,Wilek,Wennington,98,NULL,4
128,Dwain,Munning,84,12,10
129,Dal,Starsmore,46,NULL,10
130,Porter,de Glanville,76,5,2
131,Currie,Ogley,26,15,11
132,Greggory,Martignoni,40,NULL,4
133,Kane,Ducroe,52,NULL,6
134,Lionello,Dixsee,37,NULL,20
135,Cyrille,Waight,45,NULL,20
136,Daron,Robiou,76,NULL,5
137,Horst,O'Dee,62,11,17
138,Otho,Amdohr,90,1,18
139,Ollie,Janaszkiewicz,87,NULL,19
140,Ferdie,Barlass,26,12,7
141,Burke,Chislett,56,NULL,3
142,Kennith,Downs,22,2,8
143,Orren,Tweed,50,NULL,4
144,Neron,Bagg,19,4,6
145,Pinchas,Dunlap,24,NULL,9
146,Killie,Marsden,89,1,3
147,Felic,Whayman,18,NULL,14
148,Karl,Bloggett,49,3,14
149,Dalton,Agget,33,5,12
150,Clayborne,de Guerre,55,5,18
151,Esme,Bogges,40,1,2
152,Ric,Scruby,27,NULL,13
153,Richard,Usmar,80,NULL,17
154,Harper,Crankshaw,61,11,7
155,Byrann,Elson,99,15,5
156,Hakeem,Swatten,26,5,16
157,Kristos,Fergyson,69,14,10
158,Phil,Shirrell,31,NULL,4
159,Cy,Bodega,19,3,6
160,Pancho,Marczyk,56,8,12
161,Randolph,Rameau,48,NULL,15
162,Wilfrid,Dansey,56,15,2
163,Angeli,Ghirardi,47,15,16
164,Casper,Braemer,52,NULL,5
165,Sterling,Slocket,32,NULL,16
166,Paquito,Jolliffe,95,15,18
167,Piotr,Cristofor,55,13,17
168,Roderigo,Borg,53,15,10
169,Barthel,Gavigan,20,13,17
170,Carlin,Viegas,20,5,8
171,Gar,Stede,49,NULL,3
172,Mateo,McGrowther,76,NULL,16
173,Forest,Garratty,78,NULL,2
174,Rog,Ruspine,59,2,17
175,Duane,Hucks,57,4,5
176,Avery,Fairtlough,67,7,18
177,Justus,Linscott,22,1,16
178,Abba,Stodhart,46,6,8
179,Noe,Ambroziak,33,10,5
180,Noam,Rex,82,13,1
181,Estevan,Simoncini,79,14,13
182,Aaron,Jaksic,51,5,13
183,Thibaud,Wishart,57,1,5
184,Mattias,Litchfield,23,NULL,9
185,Laughton,Jankovsky,59,NULL,1
186,Maison,Moylan,78,NULL,13
187,Giff,Killgus,47,NULL,10
188,Saunderson,Ruffy,86,3,6
189,Killy,Hulett,35,13,19
190,Nicola,Sidary,23,8,15
191,Freddy,McMeanma,38,14,10
192,Xymenes,Breese,73,15,5
193,Judd,Delacote,29,NULL,4
194,Edgar,Clarke,98,NULL,17
195,Meredith,Chessel,95,8,5
196,Faulkner,Fricker,60,14,5
197,Rafael,Polkinghorne,36,7,10
198,Gare,Schuster,91,NULL,20
199,Niki,Hodjetts,99,15,5
200,Alberik,Basketter,30,14,19
201,Hadlee,Martin,88,8,6
202,Aldis,Londer,18,15,1
203,Talbot,Caselick,85,2,5
204,Kit,Letcher,80,NULL,1
205,Herc,Mewis,99,7,15
206,Isador,Arnao,21,12,7
207,Townie,Leppard,89,2,3
208,Alleyn,Romushkin,49,NULL,5
209,Roi,Woolfall,70,5,14
210,Diarmid,Ellam,72,NULL,7
211,Urbain,Murrigan,55,6,18
212,Arri,Payler,88,3,14
213,Eugene,Schouthede,84,NULL,15
214,Cordie,Flawn,74,15,18
215,Gradey,Behagg,94,NULL,9
216,Norman,Pennuzzi,73,NULL,20
217,Marlon,Bignal,76,9,4
218,Darcy,Town,39,10,5
219,Vasily,Erickson,56,11,15
220,Brigham,Butler,51,4,20
221,Larry,MacGibbon,76,11,14
222,Reynolds,Brende,87,15,11
223,Krishnah,Spaight,47,NULL,5
224,Codi,Hatch,40,NULL,17
225,Brandy,Melville,54,NULL,18
226,Raphael,Cammish,91,1,20
227,Gordie,Sadgrove,91,6,19
228,Yuri,Currom,82,NULL,4
229,Vale,BoHlingolsen,100,5,2
230,Sholom,Nieass,25,3,2
231,Ambrose,Tomney,92,1,5
232,Isacco,Pickavant,93,10,8
233,Gualterio,Mallows,48,NULL,1
234,Allie,Toone,92,NULL,14
235,Gaelan,Pennycuick,74,2,3
236,Benson,Dechelle,33,NULL,13
237,Boyd,Ellington,81,1,1
238,Brandtr,Linsay,81,NULL,2
239,Lion,Raison,38,NULL,11
240,Gerardo,Ferns,75,10,7
241,Rex,Kniveton,93,NULL,8
242,Jarib,Rivitt,19,4,9
243,Franny,Galvin,69,11,2
244,Purcell,Childs,84,3,10
245,Jehu,Revie,57,NULL,6
246,Geoffry,Mucci,25,NULL,15
247,Yancey,Thackray,93,3,3
248,Judon,Cosgrove,20,NULL,8
249,Alonzo,Gruby,98,NULL,3
250,Rochester,Vials,94,NULL,11
251,Saunderson,Welsby,71,7,20
252,Monti,Janks,100,NULL,11
253,Wiatt,Richardot,24,9,18
254,Brok,Buy,46,9,6
255,Griffie,Riseley,33,3,17
256,Devin,Cradick,18,NULL,10
257,Prent,Prall,34,1,3
258,Armando,Crich,76,8,13
259,Shaun,Florio,74,1,8
260,Augustin,Kynman,66,8,19
261,Oswell,Mack,74,4,20
262,Tommie,Saura,43,7,12
263,Micah,Addams,82,14,6
264,Grove,Henmarsh,98,NULL,9
265,Cyrille,Axleby,72,6,5
266,Leonidas,Threlkeld,92,1,19
267,Galvin,Spottiswood,84,2,7
268,Terencio,Townes,38,6,5
269,Andrey,Eales,72,NULL,9
270,Frederigo,Padgett,94,NULL,15
271,Wyndham,Tabourel,41,11,9
272,Shurwood,Gerlack,69,NULL,7
273,Silvanus,Tristram,64,NULL,7
274,Chalmers,Davisson,23,10,4
275,Tiler,McCleary,63,1,9
276,Domenic,Eglaise,95,9,15
277,Tadeas,Hardbattle,23,3,5
278,Bryn,Burdell,52,10,17
279,Antin,Armistead,51,15,10
280,Colin,Pinckstone,50,NULL,2
281,Alanson,Denecamp,58,NULL,4
282,Shepard,Durrand,88,8,2
283,Lee,Easey,44,13,5
284,Pete,McGettigan,35,NULL,14
285,Clywd,McWhin,48,12,12
286,Othello,Noir,32,10,14
287,Kelsey,Dunkerk,56,9,13
288,Mitch,Ferrer,76,2,4
289,Ware,Seabon,70,14,3
290,Gaby,Bothram,51,8,20
291,Kerk,Andreucci,100,15,16
292,Todd,Curtin,48,NULL,11
293,Clifford,Smallbone,28,NULL,6
294,Vinnie,O' Timony,59,NULL,1
295,Nicolais,Fellenor,87,1,12
296,Dimitri,Linggood,98,7,10
297,Octavius,Ondrousek,83,NULL,7
298,Byron,Yewen,66,NULL,11
299,Huntlee,Gowthrop,46,12,10
300,Aldis,Wastling,37,NULL,6
301,Dun,Ciric,91,NULL,10
302,Zaccaria,Coulthard,61,NULL,10
303,Perceval,Ritson,75,10,10
304,Vinnie,Diche,36,NULL,7
305,Chen,Eric,74,NULL,12
306,Pattin,Thring,67,11,3
307,Burke,Murtimer,32,8,8
308,Clarence,Nisuis,26,7,13
309,Conrado,Wallworke,35,11,19
310,Osborne,Picopp,24,NULL,14
311,Laurent,Kimmitt,100,NULL,9
312,Jermain,Emlen,32,NULL,17
313,Paige,Ricciardi,97,NULL,2
314,Adolphe,Sehorsch,100,14,12
315,Dietrich,Massard,99,13,10
316,Adolphe,Dunbabin,90,NULL,13
317,Julian,de Mullett,22,NULL,10
318,Elmer,Gabler,18,15,17
319,Brodie,Patsall,56,3,15
320,Erik,Strattan,38,4,6
321,Rickard,Bedow,51,6,15
322,West,Nouch,58,NULL,10
323,Hermon,Morilla,78,11,17
324,Valdemar,Heibel,83,NULL,18
325,Judas,Whelpton,85,NULL,8
326,Malchy,Houlson,27,NULL,9
327,Edwin,Georgievski,75,1,7
328,Barr,Watkiss,63,NULL,15
329,Julio,Bumphries,35,NULL,15
330,Coleman,Tift,55,12,12
331,Alic,Robinet,54,1,10
332,Zebedee,Lugden,57,10,9
333,Cleveland,Arsey,84,14,20
334,Kellen,Kadar,82,9,8
335,Onfre,Yorkston,71,12,20
336,Alexandro,Lembcke,24,NULL,17
337,Alexis,Sharpley,19,12,12
338,Ferdie,Molineaux,35,8,17
339,Anson,Bisson,49,NULL,2
340,Sean,Suttaby,43,NULL,20
341,Maxim,Renny,69,13,10
342,Web,MacPhaden,100,8,15
343,Emlen,Giacoppo,82,10,9
344,Ambros,Negus,42,NULL,2
345,Royce,Cackett,86,10,12
346,Reider,Leynagh,95,NULL,7
347,Rollin,Drinkhill,94,NULL,6
348,Erich,Dedenham,70,NULL,13
349,Rudyard,Thresher,50,9,4
350,Sinclair,Chapelhow,41,9,9
351,Dewitt,Valti,34,14,19
352,Rossy,MacTrustie,56,NULL,17
353,Edsel,Cadany,20,NULL,15
354,Meyer,Curtiss,27,NULL,15
355,Stanleigh,Randal,41,1,12
356,Free,Kilgrew,86,NULL,4
357,Demetri,Surr,88,6,7
358,Adrian,Carville,50,14,9
359,Rodger,Corro,92,15,3
360,Desmund,Kunrad,73,3,20
361,Richy,Frankiss,44,12,8
362,Nikolai,Chatenet,46,10,10
363,Berkley,Gullivent,91,NULL,2
364,Abie,Ower,67,NULL,6
365,Alaric,Prestwich,18,6,7
366,Tymothy,Marlow,22,7,7
367,Tyrus,Trevaskis,68,15,9
368,Matty,Mycroft,33,8,13
369,Abel,Fochs,67,6,19
370,Riobard,Vasyutkin,92,4,10
371,Brad,Lambard,43,15,14
372,Iain,Willingam,18,7,20
373,Krispin,Driffe,18,7,4
374,Casar,Frankcom,72,10,15
375,Ferdie,Dorie,83,10,15
376,Tedmund,Upton,87,NULL,14
377,Lou,Leishman,73,3,6
378,Stillman,Twiddy,21,8,10
379,Salvatore,Leppington,97,6,11
380,Griff,Mickan,61,5,13
381,Chester,Moorman,90,1,13
382,Faulkner,Lockery,25,NULL,6
383,Averell,Shobbrook,94,NULL,14
384,Vergil,Taggert,56,3,16
385,Ingamar,Hugle,54,10,1
386,Zolly,Kelleway,73,12,12
387,Jamie,Kalaher,61,1,13
388,Clint,Fellowes,80,NULL,16
389,Keir,Swatradge,82,6,19
390,Leonerd,Seleway,72,NULL,6
391,Nester,Normanville,98,2,2
392,Armand,Marthen,79,6,14
393,Sanderson,Pott,93,13,20
394,Gard,Varndall,94,NULL,2
395,Elmo,Wiburn,58,8,16
396,Sollie,Cannon,65,11,8
397,Eugen,Hanlin,43,13,5
398,Pepe,Boards,59,4,16
399,Dominic,Duprey,54,12,4
400,Dewey,Sail,23,NULL,7
401,Frazer,MacShirie,25,NULL,20
402,Svend,Vaisey,60,NULL,8
403,Shermy,Conklin,100,NULL,19
404,Ingamar,Bencher,78,15,19
405,Bartlett,Mitchell,28,15,1
406,Sheppard,Sarjent,98,13,6
407,Cobby,Eastlake,54,6,17
408,Dore,Wikey,21,6,2
409,Renato,Wellington,78,3,9
410,Levon,Cree,87,NULL,6
411,Marion,Lockhead,67,NULL,17
412,Yancey,Corner,55,NULL,15
413,Sanderson,Lagadu,88,NULL,12
414,Westleigh,Cutress,21,12,17
415,Garrard,Rubenchik,19,1,14
416,Laurent,Gain,48,7,10
417,Lemar,Denne,26,10,13
418,Lyn,Hullins,77,14,8
419,Chauncey,Inglefield,52,NULL,1
420,Bernarr,McGroarty,59,NULL,3
421,Gerard,Argente,69,NULL,13
422,Shurlock,Stairs,77,NULL,7
423,Cullan,Darnody,68,13,13
424,Forbes,Skillett,81,6,11
425,Ruben,Clavering,42,2,16
426,Cly,Boyall,89,12,10
427,Neddy,Piscopo,88,3,4
428,Shane,Trenchard,93,NULL,2
429,Umberto,McCuaig,26,13,17
430,Gian,Ambroise,33,NULL,10
431,Silvanus,Northeast,43,1,15
432,Germayne,Adams,87,3,14
433,Errol,Catterson,30,NULL,2
434,Rolph,Gravenall,44,11,7
435,Gottfried,Geindre,95,3,7
436,Kennedy,Odby,57,10,17
437,Forrester,Espinet,33,8,5
438,Kirby,Sjostrom,90,14,1
439,Stuart,Reams,86,9,2
440,Curcio,Ellgood,43,14,3
441,Orion,Weale,44,2,20
442,Marlo,Grafhom,78,12,11
443,Darin,Garrow,21,3,15
444,Darrin,Derbyshire,33,6,20
445,Dewey,Macoun,37,3,1
446,Lazarus,Sherrard,87,8,8
447,Marchall,Della Scala,78,NULL,1
448,Neddy,Kirkman,87,4,9
449,Barnebas,Heninghem,56,1,16
450,Marshall,Andrin,69,3,10
451,Prescott,Kniveton,86,NULL,15
452,Jdavie,Iannetti,22,7,3
453,Andros,Boeter,73,12,16
454,Sanders,Ashfull,62,NULL,14
455,Angel,Cossons,28,3,12
456,Ezechiel,Denyagin,52,1,1
457,Warde,Boots,94,NULL,16
458,Knox,Buckney,77,NULL,3
459,Jone,Belverstone,94,NULL,3
460,Sheridan,Malitrott,25,5,15
461,Don,Ahrenius,67,1,12
462,Sidney,Minkin,66,3,10
463,Yuri,Witchard,54,6,20
464,Nathanil,Woodyeare,50,NULL,11
465,Gonzales,Aishford,34,3,7
466,Vanya,Sketch,93,NULL,7
467,Tremain,Riseam,70,3,8
468,Alix,Formby,37,13,5
469,Lemuel,Grasha,58,12,4
470,Nickola,Huyton,84,NULL,4
471,Stephan,Fickling,33,NULL,16
472,Sly,Keates,83,10,19
473,Quinlan,Showt,86,NULL,15
474,Chadd,Firebrace,45,15,1
475,Abdel,Akhurst,39,1,9
476,Arthur,Moorrud,54,NULL,20
477,Jeremy,Beltzner,69,NULL,2
478,Abrahan,Cajkler,42,NULL,12
479,Hewett,Allchorn,56,14,3
480,Johnny,Stuttman,22,NULL,14
481,Eustace,Fryett,49,2,7
482,Urson,MacCarlich,29,14,20
483,Shurlock,Dennett,81,6,18
484,Read,Sinnatt,44,NULL,19
485,Rufus,Abbati,97,NULL,18
486,Mauricio,Gauvin,90,NULL,17
487,Giavani,Josipovitz,90,2,18
488,Danie,Vinter,87,NULL,11
489,Ferris,Gecke,99,7,10
490,Hube,Hover,79,NULL,1
491,Kevan,Aubri,29,6,14
492,Sigismund,Sheere,75,NULL,13
493,Ferris,Hexham,95,NULL,7
494,Bartie,Corless,78,NULL,10
495,Ezequiel,Keniwell,70,1,11
496,Constantino,Bunten,20,NULL,8
497,Berkie,Hinstridge,61,14,7
498,Arthur,McCullock,59,NULL,20
499,Ollie,Tees,84,NULL,20
500,Delmor,Pentland,21,7,4
501,Raff,Folkerts,57,NULL,7
502,Jayme,Witherby,99,9,2
503,Eugenius,McCawley,61,12,6
504,Francesco,Dawley,80,6,3
505,Fabe,Fishleigh,83,13,2
506,Shae,Royans,77,7,11
507,Giuseppe,Landeg,44,NULL,20
508,Ephrayim,Kimmince,31,14,20
509,Gan,Brighouse,40,2,13
510,Adolphus,Parlett,86,5,13
511,Hillary,Albert,34,5,18
512,Cesar,Gillmore,95,5,13
513,Filbert,Prestland,57,NULL,15
514,Liam,Kohnen,62,NULL,10
515,Thorndike,Rennles,27,4,15
516,Grantham,Roggero,53,3,3
517,Garth,Toffolini,26,15,4
518,Jamal,Veschi,97,12,15
519,Rodd,Blincoe,30,NULL,10
520,Halsey,Youngs,44,9,7
521,Bernie,Worboys,31,2,19
522,Tripp,Di Dello,40,NULL,13
523,Hunt,Sich,69,NULL,18
524,Sheppard,Ferrari,28,NULL,18
525,Berkley,Tevlin,78,NULL,13
526,Myrwyn,Beiderbecke,57,6,11
527,Henry,Lilleyman,31,NULL,12
528,Lorant,Vanichev,94,3,12
529,Yurik,Lakenden,51,NULL,6
530,Mohandas,Doornbos,56,1,20
531,Milo,Rastrick,43,5,16
532,Vasili,Rowlands,97,NULL,5
533,Dominic,Mullarkey,58,12,13
534,Gram,Blanking,94,9,15
535,Branden,Rotte,50,NULL,7
536,Daryle,Sturte,95,15,11
537,Doy,Grimwade,62,NULL,13
538,Noland,Gowenlock,52,7,12
539,Jesus,Rabbe,40,NULL,2
540,Sammy,Jaggard,53,NULL,17
541,Jean,De Mitris,54,13,20
542,Bernarr,Wilbud,62,NULL,6
543,Leslie,Kehir,82,13,19
544,Rolf,Huebner,80,2,3
545,Bartlett,McGenis,93,10,19
546,Herc,Minette,60,9,10
547,Harley,Wentworth,27,NULL,5
548,Patin,Mc Gaughey,31,NULL,2
549,Silvan,Shevell,22,NULL,6
550,Minor,De L'Isle,95,14,16
551,Sherm,Hellwich,72,8,7
552,Garrek,Fishly,44,NULL,13
553,Dennis,Gothliff,69,8,12
554,Keane,Baldock,51,NULL,9
555,Reinhold,Cantua,74,2,3
556,Philbert,Peedell,35,NULL,6
557,August,Weber,100,14,11
558,Malcolm,Humpatch,50,NULL,8
559,Seumas,Matthewman,34,6,2
560,Farly,Levis,43,9,4
561,Randal,Newcom,41,8,11
562,Duff,Copeland,31,4,18
563,Chicky,Kikke,27,NULL,5
564,Fonsie,Constant,50,14,17
565,Brendan,Edon,66,NULL,6
566,Armstrong,Close,30,NULL,18
567,Nicolais,Sawter,94,9,15
568,Mohandas,Ledson,46,NULL,3
569,Ara,Aspole,64,11,15
570,Norrie,Dybell,33,NULL,4
571,Kaspar,Rump,50,6,8
572,Julius,Woodbridge,53,12,6
573,Hobie,Rudolfer,28,15,11
574,Tracy,Killigrew,46,13,17
575,Cornall,Huniwall,59,2,19
576,Waylin,Hartman,85,9,11
577,Menard,Benley,20,2,12
578,Conrad,Haugh,41,NULL,1
579,Trip,Hunn,53,4,11
580,Dominique,Caistor,55,4,16
581,Elmore,Kleinhandler,81,10,11
582,Schuyler,Ashingden,81,13,8
583,Daryle,Redborn,58,13,4
584,Obidiah,Greenough,48,7,20
585,Moss,Sibbering,68,NULL,18
586,Stanly,Walaron,52,NULL,19
587,Culley,Siemandl,63,15,3
588,Edgardo,Cowmeadow,37,15,17
589,Hogan,Eadmeads,31,10,14
590,Boone,Coulthard,64,NULL,10
591,Keene,Surtees,60,NULL,6
592,Broddy,Marchington,91,NULL,20
593,Leonidas,Sendall,30,4,5
594,Dimitry,Spellessy,81,NULL,18
595,Sydney,Vell,70,1,20
596,Sander,Lavarack,63,NULL,14
597,Nathaniel,Kivlehan,55,4,8
598,Markus,Quilligan,88,NULL,17
599,Heinrick,Husset,50,6,7
600,Paton,Gammet,30,NULL,10
601,Carce,Giorgielli,20,11,12
602,Torr,Eliet,37,NULL,18
603,Uriel,Creeboe,53,8,6
604,Paten,Cohani,62,15,17
605,Gabriello,Golagley,63,13,3
606,Boothe,Goldsack,54,2,2
607,Cameron,Koenraad,53,6,19
608,Clark,Gerardi,19,9,6
609,Leonardo,Stave,65,NULL,10
610,Kendrick,Androletti,71,14,5
611,Felizio,Huzzay,88,5,3
612,Francklyn,Cadding,50,NULL,15
613,Angelico,Cessford,95,1,1
614,Fielding,Millsom,83,NULL,17
615,Giffy,Mozzi,36,NULL,13
616,Dilan,Simenet,65,NULL,1
617,Tailor,Kaaskooper,43,5,13
618,Mycah,Paddock,86,12,16
619,Stafford,Syne,85,NULL,1
620,Horatio,Castanho,87,12,16
621,Hy,Minto,20,14,17
622,Shelden,Proven,79,15,3
623,Udale,Veillard,35,5,10
624,Thorin,Agar,70,13,1
625,Rab,Rockliffe,49,11,7
626,Baily,Likely,96,3,16
627,Pascal,Rault,81,NULL,7
628,Reuven,Grishakin,75,NULL,3
629,Cliff,Giovannoni,92,NULL,3
630,Myron,Heinish,58,NULL,16
631,Lowe,Berardt,59,14,7
632,Avigdor,Dockwray,94,7,15
633,Sebastien,Moakes,43,3,1
634,Arie,Singleton,92,4,16
635,Maxwell,Loutheane,89,15,2
636,Moses,Volette,84,13,4
637,Davin,Muirden,85,9,3
638,Khalil,Selbach,70,11,1
639,Welch,Theml,50,2,4
640,Odo,McIlhatton,77,3,20
641,Tann,Piddlesden,82,NULL,6
642,Welbie,Brenstuhl,41,10,5
643,Hayes,Cox,92,8,7
644,Neel,Colnett,70,NULL,15
645,Fabio,Cluley,38,8,9
646,Karl,Butler,72,NULL,5
647,Lazarus,Chimenti,29,1,12
648,Tobit,Tasseler,83,NULL,10
649,Abdel,Brownhill,56,NULL,7
650,Dorian,Stirtle,43,NULL,19
651,Hector,Stairmand,98,3,8
652,Gustavo,Westcott,75,12,7
653,Paddy,Ead,66,7,5
654,Olav,Hawking,27,8,1
655,Kile,Elvey,46,NULL,7
656,Lambert,Murrock,88,7,9
657,Horacio,Deme,31,NULL,12
658,Jakie,Dimmock,73,13,14
659,Raimundo,Kelbie,26,NULL,14
660,Ellswerth,Rheam,47,NULL,7
661,Wolfgang,de Leon,58,8,11
662,Francois,Garms,30,NULL,9
663,Gregorio,Kinglesyd,18,15,18
664,Elbert,Penhaligon,32,10,4
665,Francis,Checchetelli,99,10,20
666,Jimmie,Gwillim,100,NULL,15
667,Arvy,Skirlin,32,6,1
668,Berti,Poag,64,NULL,14
669,Milton,Ranvoise,44,11,16
670,Chance,Dolley,32,6,11
671,Milty,Pattison,60,NULL,9
672,Lothario,Lawranson,29,14,3
673,Marshall,Seabert,19,4,6
674,Stevie,Greenset,45,NULL,20
675,Berton,Letherbury,83,5,8
676,Colas,Belliss,57,5,11
677,Cosme,Avrahm,100,12,10
678,Leeland,Jindrak,66,14,15
679,Thoma,Stare,54,7,7
680,Frankie,Tarplee,84,2,4
681,Shelley,Pogosian,54,9,6
682,Merrick,Stoneman,88,10,4
683,Jourdain,Rolley,66,NULL,6
684,Shell,Buckthought,69,11,10
685,Aldric,Aslin,31,NULL,10
686,Arri,Trevena,89,1,13
687,Rodolfo,McCandless,37,NULL,14
688,Boote,Yuryshev,37,13,8
689,Paquito,Traher,43,14,6
690,Herman,Shaudfurth,58,4,18
691,Ado,Dunsmore,70,1,2
692,Gare,Fassbender,63,NULL,7
693,Gerald,Demougeot,71,NULL,6
694,Stanislaus,Morena,40,11,16
695,Giffy,Audley,46,2,14
696,Demetre,Gudeman,96,8,20
697,Hubey,Joerning,98,15,16
698,Corney,Kender,30,9,14
699,Padgett,Bird,46,3,10
700,Peirce,Mulrenan,78,NULL,5
701,Albert,Bruckner,27,10,5
702,Martainn,Camosso,39,NULL,5
703,Orson,Ismay,67,15,3
704,Jasen,O'Luby,28,7,2
705,Pebrook,Danford,60,15,8
706,Artemis,Hamlington,77,7,9
707,Clarke,Oddboy,99,12,19
708,Rodd,Tarn,98,4,14
709,Syd,Baumber,34,1,2
710,Vaughan,Folli,34,NULL,10
711,Boyce,Turbayne,86,10,12
712,Moise,Henmarsh,58,2,15
713,Hanson,Durno,26,NULL,5
714,Crawford,Kenforth,29,2,14
715,Brandon,Macci,94,6,1
716,Terrel,Mardy,40,10,15
717,Simon,Klampt,53,2,7
718,Karlens,Joplin,35,NULL,14
719,Haily,Ricard,52,10,5
720,Leland,De Rechter,54,9,8
721,Broderic,Shoobridge,100,6,16
722,Geoff,Fogarty,91,NULL,15
723,Bev,Seelbach,40,NULL,12
724,Eugenio,Oen,88,NULL,17
725,Benn,Timbrell,59,NULL,14
726,Millard,Helkin,19,NULL,5
727,Rodge,Kidstone,86,3,5
728,Myron,Coo,60,NULL,13
729,Bartholomew,Paton,92,11,9
730,Tucky,MacCracken,80,NULL,4
731,Oates,Frankis,35,4,20
732,Cobby,Kearford,36,NULL,15
733,Brady,Silversmid,53,7,2
734,Giacopo,Sarll,37,7,13
735,Skippie,Meedendorpe,26,1,19
736,Gerhard,Thombleson,22,NULL,18
737,Heindrick,Berringer,48,9,13
738,Patrice,Bartholomew,84,NULL,5
739,Aldin,Gasperi,80,NULL,13
740,Stefano,Sokell,93,10,19
741,Thoma,Daniaud,66,NULL,17
742,Mikkel,Strevens,51,NULL,12
743,Richard,Bartak,27,11,2
744,Sidnee,Crosskell,96,12,8
745,Denys,Gronw,98,3,11
746,Bradley,Petrichat,93,NULL,16
747,David,Levis,20,10,10
748,Egan,Greeve,23,15,4
749,Chet,Cucuzza,42,14,3
750,Torr,Mountain,60,6,6
751,Casper,Blanch,79,12,12
752,Doyle,Mellings,52,NULL,11
753,Dewey,Tumielli,62,NULL,20
754,Stuart,McSherry,41,NULL,12
755,Chickie,Bride,25,14,17
756,Fairfax,Davenhill,77,11,6
757,Regan,Robbe,91,NULL,5
758,Malchy,Blower,29,NULL,4
759,Mayor,todor,63,3,17
760,Dallas,McCurrie,93,NULL,17
761,Alvan,Dilkes,96,NULL,1
762,Olag,Nestor,74,12,20
763,Robert,Trimmill,96,NULL,1
764,Franz,Haverty,46,2,6
765,Scotty,Samways,30,3,9
766,Darrel,MacMickan,80,2,8
767,Elbert,Acum,33,5,16
768,Jammal,Bridgstock,71,15,10
769,Darin,Haining,81,2,3
770,Emmy,Crunden,62,NULL,19
771,Vale,Fosdike,85,12,19
772,Garrik,Catonnet,77,4,12
773,Feliks,Risbridger,59,NULL,12
774,Fair,Levine,65,2,4
775,Wesley,Bree,75,NULL,4
776,Baudoin,Avramow,73,10,15
777,Beniamino,Squires,65,NULL,18
778,Keith,Cranidge,26,NULL,13
779,Howard,Cristea,64,NULL,10
780,Barret,Wein,38,NULL,5
781,Prince,Darlison,57,NULL,5
782,Emilio,Olyfant,39,8,14
783,Kennett,Book,38,NULL,14
784,Abbott,Brack,89,8,8
785,Evered,Hulett,80,NULL,9
786,Ariel,Lattie,34,4,6
787,Dominik,Gibling,44,3,3
788,Jule,Teggart,64,NULL,19
789,Forest,Thompstone,98,5,18
790,Darwin,Champion,72,NULL,19
791,Kinny,Oxlee,57,NULL,13
792,Bartie,Grassi,77,5,4
793,Bent,Dziwisz,90,NULL,13
794,Inness,Patillo,61,NULL,1
795,Bren,Sinnie,98,3,2
796,Shaun,Whannel,68,NULL,13
797,Cullin,Babbidge,37,NULL,12
798,Vasili,Shaxby,61,11,7
799,Evelyn,Chellam,65,NULL,12
800,Pat,Blackmuir,79,7,5
801,Moshe,Rikard,41,1,17
802,Edmund,Vasiljevic,47,NULL,11
803,Garik,Chipps,22,NULL,3
804,Harold,Zeplin,32,NULL,8
805,Filip,Pauer,44,13,20
806,Derby,McCuis,20,12,4
807,Jamaal,Gynni,47,14,20
808,Hew,Skoyles,61,NULL,2
809,Bevan,Pomfrett,89,6,19
810,Travis,Dykins,63,NULL,1
811,Jonathan,Fearn,64,NULL,15
812,Milo,Atto,81,NULL,1
813,Marcello,Habberjam,84,14,9
814,Rubin,Stuchbury,83,NULL,11
815,Patin,Niave,95,NULL,8
816,Frannie,Seabon,23,8,12
817,Garey,Titherington,76,6,8
818,Addie,Ambroisin,90,NULL,6
819,Wilmar,De Antoni,57,8,6
820,Caryl,Watkiss,49,NULL,10
821,Tyson,Callery,44,NULL,19
822,Gabriello,Tribble,20,9,18
823,Chuck,Beasant,49,7,11
824,Stillman,Twining,65,2,13
825,Avrom,Pulver,58,14,7
826,Rusty,Stone,93,NULL,3
827,Jimmie,Deegin,52,NULL,5
828,Ailbert,Daddow,90,6,16
829,Roderic,ducarme,72,NULL,8
830,Martie,Kirimaa,70,13,13
831,Johann,Swanbourne,79,NULL,3
832,Ken,Rillett,77,1,2
833,Halsy,Noddles,73,14,12
834,Ilaire,Pinxton,37,NULL,18
835,Winston,Carruth,80,NULL,2
836,Miller,Wraight,21,10,12
837,Tiebold,Oxtaby,70,NULL,15
838,Glenn,Pawellek,41,5,16
839,Allie,Beaumont,63,8,11
840,Carlyle,Pedel,73,1,12
841,Heinrik,Ledeker,96,NULL,1
842,Ruddy,Bate,68,6,8
843,Erek,Blackater,99,NULL,14
844,Jarret,Ower,39,11,2
845,Ikey,Iacovides,27,NULL,2
846,Guss,Squirrel,22,1,1
847,Emmerich,Boteman,18,4,11
848,Ward,Olivo,41,NULL,3
849,Luigi,Aburrow,95,9,14
850,Waylan,Gossan,80,NULL,17
851,Marcos,Paquet,82,12,5
852,Talbert,Bedin,41,6,7
853,Darrel,Sawter,76,NULL,9
854,Kevon,Ambrogioni,74,NULL,4
855,Herman,Klicher,96,15,12
856,Payton,Danell,92,8,18
857,Goraud,Kubczak,100,14,11
858,Antonius,Leber,91,NULL,12
859,Eberto,Wehden,29,NULL,4
860,Nevins,Oldaker,43,NULL,7
861,Fabiano,Fielden,68,NULL,14
862,Giselbert,Marti,29,NULL,8
863,Tabby,Kinastan,60,9,11
864,Bev,Gemelli,38,NULL,13
865,Karel,McGinn,59,NULL,9
866,Godard,Tulk,94,NULL,20
867,Darrel,Rustadge,50,10,14
868,Gaile,Tollady,95,NULL,13
869,Artemas,De Banke,45,2,5
870,Perkin,Gooke,54,8,1
871,Phip,Rust,100,10,6
872,Bart,Vidgen,37,NULL,16
873,Ferguson,Robottham,35,12,13
874,Dieter,Kohrt,65,2,11
875,Hamid,Foxall,71,1,3
876,Brock,Crowley,44,NULL,20
877,Norbie,Albiston,88,11,11
878,Osmund,Bygrove,88,10,13
879,Gilles,Wellen,87,12,15
880,Alfredo,Clare,61,13,18
881,Lonny,Klagge,85,NULL,7
882,Bartholemy,Trodden,76,8,17
883,Sherman,Stobbart,66,3,18
884,Nealy,Bareford,68,3,16
885,Brodie,Munnis,38,15,15
886,Arty,Leighton,70,6,10
887,Barth,Duck,85,12,9
888,Abbey,McDowell,87,9,15
889,Ramsey,Rickford,25,15,13
890,Hank,Llopis,63,3,1
891,Tore,Fibbens,40,NULL,18
892,Ibrahim,Morsom,34,10,17
893,Taite,Yuryichev,37,NULL,17
894,Pip,Albury,47,NULL,12
895,Reider,Werner,76,8,18
896,Zackariah,Tewnion,85,NULL,18
897,Flint,Stubbings,32,NULL,19
898,Alvy,Twine,88,6,5
899,Ignazio,Barth,31,5,4
900,Eric,Maier,74,NULL,17
901,Stanislaus,Mill,84,NULL,1
902,Filmore,Probey,34,10,4
903,Gian,Miroy,24,NULL,12
904,Luke,Evanson,44,NULL,10
905,Ivor,Rooms,93,NULL,20
906,Heywood,Grimsdyke,54,11,19
907,Cornell,Pikesley,20,7,11
908,Dew,Sommersett,21,15,10
909,Nels,Gurnay,58,NULL,5
910,Sergio,Lebell,48,5,13
911,Brien,Cutchie,81,9,14
912,Ezra,Bache,72,8,1
913,Sigmund,Sherr,66,NULL,18
914,Danny,Scantlebury,56,NULL,3
915,Pincas,Housam,74,13,15
916,Dilan,O'Connel,81,NULL,12
917,Brendon,Skill,47,NULL,18
918,Sloan,Alton,68,13,3
919,Amerigo,Sabate,63,NULL,13
920,Amerigo,Jovanovic,65,13,15
921,Munmro,Gething,40,2,15
922,Ellery,Farthing,69,7,8
923,Garek,Mawne,51,NULL,12
924,Rogers,Cottom,37,2,8
925,Jedediah,Blackaby,50,NULL,16
926,Allyn,Petrowsky,100,13,6
927,Bayard,Dackombe,24,11,4
928,Jarad,Petty,53,4,18
929,Theodoric,Daldry,82,NULL,8
930,Cobbie,Hagwood,91,NULL,1
931,Joshua,Diggins,66,12,19
932,Innis,Burleigh,55,NULL,6
933,Charley,Payfoot,75,NULL,17
934,Fabe,Ackerman,77,11,9
935,Sebastien,Peres,55,NULL,7
936,Thibaud,Kleinmann,97,NULL,3
937,Baron,Dils,54,9,5
938,Ferrell,Dyott,66,14,14
939,Clive,McVicker,47,NULL,7
940,Warden,Le Provost,92,NULL,8
941,Christoffer,Scollard,43,15,20
942,Yvon,Nendick,39,11,13
943,Edan,Grindrod,23,NULL,4
944,Federico,Rozier,20,3,10
945,Dewey,Leach,88,13,13
946,Peterus,Greg,76,NULL,12
947,Allen,Clarson,18,14,8
948,Zollie,Toby,100,NULL,9
949,Wendel,Crevagh,61,NULL,8
950,Sherwin,O'Keenan,78,NULL,20
951,Sean,O'Gready,64,NULL,8
952,Dex,Ritter,56,12,3
953,Sly,Hexham,38,7,3
954,Glynn,Gorsse,91,5,18
955,Harbert,Sallings,18,NULL,19
956,Ellsworth,Mainwaring,47,12,8
957,Hershel,Matyushkin,47,2,2
958,Freemon,Dimbylow,89,11,14
959,Woodie,Clacson,87,5,5
960,Winfred,Scopham,86,11,3
961,Aldo,Sherington,35,NULL,6
962,Blane,Haville,40,NULL,11
963,Kristopher,Cammell,20,7,8
964,Granger,Willmore,65,9,13
965,Orazio,Kalisz,67,5,19
966,Mile,Tyrwhitt,26,6,20
967,Archibaldo,Tchaikovsky,89,NULL,5
968,Barny,Goodwill,40,7,2
969,Leslie,Filimore,43,3,12
970,Herschel,Nelissen,70,NULL,14
971,Cliff,Baudain,87,15,1
972,Had,Bladesmith,38,6,15
973,Garv,Arlet,67,NULL,17
974,Alister,Phlippsen,59,NULL,4
975,Desi,Stanion,73,NULL,6
976,Bradford,Beccera,36,10,19
977,Brian,Meas,53,4,4
978,Alexandr,Sambath,66,NULL,9
979,Hershel,Skirlin,90,4,7
980,Neale,Boldock,85,3,8
981,Stephanus,De Avenell,36,6,9
982,Hashim,Lakin,54,1,15
983,Archambault,Mathevon,21,1,14
984,Artemus,Aughton,37,5,17
985,Beaufort,Francesc,83,NULL,16
986,Angelo,Georgeau,75,6,17
987,Avictor,Antonsen,94,13,3
988,Marlin,Yewdale,35,15,16
989,Kirby,Bryers,55,4,20
990,Elwood,Tripe,35,14,19
991,Randell,Bottoms,52,1,20
992,Dalis,Tilford,87,NULL,10
993,Nahum,Kupka,74,NULL,11
994,Goddard,Melby,63,13,14
995,Peirce,Cubbino,26,9,5
996,Cyrus,Sebring,63,NULL,5
997,Heinrick,Cherryman,58,NULL,8
998,Car,Wiltshaw,46,NULL,15
999,Olin,Felgate,31,15,17
1000,Prent,Dainter,52,NULL,5
